--
-- PostgreSQL database dump
--

-- Dumped from database version 15.1 (Ubuntu 15.1-1.pgdg20.04+1)
-- Dumped by pg_dump version 15.3 (Ubuntu 15.3-0ubuntu0.23.04.1)

SET statement_timeout = 0;
SET lock_timeout = 0;
SET idle_in_transaction_session_timeout = 0;
SET client_encoding = 'UTF8';
SET standard_conforming_strings = on;
SELECT pg_catalog.set_config('search_path', '', false);
SET check_function_bodies = false;
SET xmloption = content;
SET client_min_messages = warning;
SET row_security = off;

--
-- Name: public; Type: SCHEMA; Schema: -; Owner: pg_database_owner
--

CREATE SCHEMA public;


ALTER SCHEMA public OWNER TO pg_database_owner;

--
-- Name: SCHEMA public; Type: COMMENT; Schema: -; Owner: pg_database_owner
--

COMMENT ON SCHEMA public IS 'standard public schema';


SET default_tablespace = '';

SET default_table_access_method = heap;

--
-- Name: academic_event_week; Type: TABLE; Schema: public; Owner: postgres
--

CREATE TABLE public.academic_event_week (
    id bigint NOT NULL,
    weekday text,
    department text,
    schedule_id bigint,
    track_id bigint
);


ALTER TABLE public.academic_event_week OWNER TO postgres;

--
-- Name: academic_event_week_id_seq; Type: SEQUENCE; Schema: public; Owner: postgres
--

ALTER TABLE public.academic_event_week ALTER COLUMN id ADD GENERATED BY DEFAULT AS IDENTITY (
    SEQUENCE NAME public.academic_event_week_id_seq
    START WITH 1
    INCREMENT BY 1
    NO MINVALUE
    NO MAXVALUE
    CACHE 1
);


--
-- Name: academic_track; Type: TABLE; Schema: public; Owner: postgres
--

CREATE TABLE public.academic_track (
    id bigint NOT NULL,
    semester bigint,
    semester_start date,
    semester_end date,
    academic_year text
);


ALTER TABLE public.academic_track OWNER TO postgres;

--
-- Name: academic_track_id_seq; Type: SEQUENCE; Schema: public; Owner: postgres
--

ALTER TABLE public.academic_track ALTER COLUMN id ADD GENERATED BY DEFAULT AS IDENTITY (
    SEQUENCE NAME public.academic_track_id_seq
    START WITH 1
    INCREMENT BY 1
    NO MINVALUE
    NO MAXVALUE
    CACHE 1
);


--
-- Name: buildings; Type: TABLE; Schema: public; Owner: postgres
--

CREATE TABLE public.buildings (
    id bigint NOT NULL,
    name text NOT NULL,
    building_type text,
    n_floors bigint DEFAULT '0'::bigint NOT NULL,
    n_classrooms bigint DEFAULT '0'::bigint NOT NULL,
    n_labs bigint DEFAULT '0'::bigint NOT NULL,
    geom public.geometry,
    building_id bigint,
    image_url text[]
);


ALTER TABLE public.buildings OWNER TO postgres;

--
-- Name: TABLE buildings; Type: COMMENT; Schema: public; Owner: postgres
--

COMMENT ON TABLE public.buildings IS 'Buildings Located on Campus';


--
-- Name: COLUMN buildings.building_id; Type: COMMENT; Schema: public; Owner: postgres
--

COMMENT ON COLUMN public.buildings.building_id IS 'Building the classroom can be found';


--
-- Name: buildings_id_seq; Type: SEQUENCE; Schema: public; Owner: postgres
--

ALTER TABLE public.buildings ALTER COLUMN id ADD GENERATED BY DEFAULT AS IDENTITY (
    SEQUENCE NAME public.buildings_id_seq
    START WITH 1
    INCREMENT BY 1
    NO MINVALUE
    NO MAXVALUE
    CACHE 1
);


--
-- Name: classrooms; Type: TABLE; Schema: public; Owner: postgres
--

CREATE TABLE public.classrooms (
    id bigint NOT NULL,
    name text,
    room_number bigint,
    floor_number bigint,
    geom public.geometry,
    building_id bigint,
    image_url text[]
);


ALTER TABLE public.classrooms OWNER TO postgres;

--
-- Name: TABLE classrooms; Type: COMMENT; Schema: public; Owner: postgres
--

COMMENT ON TABLE public.classrooms IS 'classrooms in a building';


--
-- Name: COLUMN classrooms.building_id; Type: COMMENT; Schema: public; Owner: postgres
--

COMMENT ON COLUMN public.classrooms.building_id IS 'Building Classroom can be found';


--
-- Name: classrooms_id_seq; Type: SEQUENCE; Schema: public; Owner: postgres
--

ALTER TABLE public.classrooms ALTER COLUMN id ADD GENERATED BY DEFAULT AS IDENTITY (
    SEQUENCE NAME public.classrooms_id_seq
    START WITH 1
    INCREMENT BY 1
    NO MINVALUE
    NO MAXVALUE
    CACHE 1
);


--
-- Name: laboratories; Type: TABLE; Schema: public; Owner: postgres
--

CREATE TABLE public.laboratories (
    id bigint NOT NULL,
    lab_reference text NOT NULL,
    floor_number bigint DEFAULT '0'::bigint,
    geom public.geometry,
    building_id bigint,
    image_url text[]
);


ALTER TABLE public.laboratories OWNER TO postgres;

--
-- Name: TABLE laboratories; Type: COMMENT; Schema: public; Owner: postgres
--

COMMENT ON TABLE public.laboratories IS 'Laboratories on Campus';


--
-- Name: COLUMN laboratories.building_id; Type: COMMENT; Schema: public; Owner: postgres
--

COMMENT ON COLUMN public.laboratories.building_id IS 'Building Laboratory can be found';


--
-- Name: laboratories_id_seq; Type: SEQUENCE; Schema: public; Owner: postgres
--

ALTER TABLE public.laboratories ALTER COLUMN id ADD GENERATED BY DEFAULT AS IDENTITY (
    SEQUENCE NAME public.laboratories_id_seq
    START WITH 1
    INCREMENT BY 1
    NO MINVALUE
    NO MAXVALUE
    CACHE 1
);


--
-- Name: offices; Type: TABLE; Schema: public; Owner: postgres
--

CREATE TABLE public.offices (
    id bigint NOT NULL,
    office_code text,
    staff_personnel text,
    floor_number bigint DEFAULT '0'::bigint NOT NULL,
    geom public.geometry,
    building_id bigint,
    image_url text[]
);


ALTER TABLE public.offices OWNER TO postgres;

--
-- Name: TABLE offices; Type: COMMENT; Schema: public; Owner: postgres
--

COMMENT ON TABLE public.offices IS 'Staff offices on Campus';


--
-- Name: COLUMN offices.building_id; Type: COMMENT; Schema: public; Owner: postgres
--

COMMENT ON COLUMN public.offices.building_id IS 'Building office can be found';


--
-- Name: offices_id_seq; Type: SEQUENCE; Schema: public; Owner: postgres
--

ALTER TABLE public.offices ALTER COLUMN id ADD GENERATED BY DEFAULT AS IDENTITY (
    SEQUENCE NAME public.offices_id_seq
    START WITH 1
    INCREMENT BY 1
    NO MINVALUE
    NO MAXVALUE
    CACHE 1
);


--
-- Name: ratings; Type: TABLE; Schema: public; Owner: postgres
--

CREATE TABLE public.ratings (
    id bigint NOT NULL,
    comments text DEFAULT ''::text NOT NULL,
    building_id bigint,
    classroom_id bigint,
    office_id bigint,
    lab_id bigint,
    rate_value integer NOT NULL,
    CONSTRAINT ratings_rate_value_check CHECK (((rate_value < 6) AND (rate_value > 0)))
);


ALTER TABLE public.ratings OWNER TO postgres;

--
-- Name: ratings_id_seq; Type: SEQUENCE; Schema: public; Owner: postgres
--

ALTER TABLE public.ratings ALTER COLUMN id ADD GENERATED BY DEFAULT AS IDENTITY (
    SEQUENCE NAME public.ratings_id_seq
    START WITH 1
    INCREMENT BY 1
    NO MINVALUE
    NO MAXVALUE
    CACHE 1
);


--
-- Name: session_schedule; Type: TABLE; Schema: public; Owner: postgres
--

CREATE TABLE public.session_schedule (
    id bigint NOT NULL,
    course_code text,
    course_name text,
    year_group bigint,
    schedule_time bigint,
    class_location bigint,
    lab_location bigint
);


ALTER TABLE public.session_schedule OWNER TO postgres;

--
-- Name: session_schedule_id_seq; Type: SEQUENCE; Schema: public; Owner: postgres
--

ALTER TABLE public.session_schedule ALTER COLUMN id ADD GENERATED BY DEFAULT AS IDENTITY (
    SEQUENCE NAME public.session_schedule_id_seq
    START WITH 1
    INCREMENT BY 1
    NO MINVALUE
    NO MAXVALUE
    CACHE 1
);


--
-- Name: session_time; Type: TABLE; Schema: public; Owner: postgres
--

CREATE TABLE public.session_time (
    id bigint NOT NULL,
    start_time time without time zone,
    end_time time without time zone
);


ALTER TABLE public.session_time OWNER TO postgres;

--
-- Name: session_time_id_seq; Type: SEQUENCE; Schema: public; Owner: postgres
--

ALTER TABLE public.session_time ALTER COLUMN id ADD GENERATED BY DEFAULT AS IDENTITY (
    SEQUENCE NAME public.session_time_id_seq
    START WITH 1
    INCREMENT BY 1
    NO MINVALUE
    NO MAXVALUE
    CACHE 1
);


--
-- Name: users; Type: TABLE; Schema: public; Owner: postgres
--

CREATE TABLE public.users (
    id uuid NOT NULL,
    username text NOT NULL,
    student_reference bigint NOT NULL,
    department text DEFAULT ''::text NOT NULL,
    year_group smallint,
    password text NOT NULL,
    is_classrep boolean,
    is_admin boolean,
    created_at timestamp without time zone DEFAULT (now() AT TIME ZONE 'utc'::text),
    is_deleted boolean,
    is_exams_officer boolean,
    CONSTRAINT users_year_group_check CHECK (((year_group < 7) AND (year_group > 0)))
);


ALTER TABLE public.users OWNER TO postgres;

--
-- Name: TABLE users; Type: COMMENT; Schema: public; Owner: postgres
--

COMMENT ON TABLE public.users IS 'User Table';


--
-- Data for Name: academic_event_week; Type: TABLE DATA; Schema: public; Owner: postgres
--

COPY public.academic_event_week (id, weekday, department, schedule_id, track_id) FROM stdin;
1	Monday	Computer Engineering	297	2
2	Monday	Computer Engineering	298	2
3	Tuesday	Computer Engineering	299	2
4	Tuesday	Computer Engineering	300	2
5	Tuesday	Computer Engineering	301	2
6	Tuesday	Computer Engineering	302	2
7	Tuesday	Computer Engineering	303	2
8	Tuesday	Computer Engineering	304	2
9	Tuesday	Computer Engineering	316	2
10	Tuesday	Computer Engineering	306	2
11	Wednesday	Computer Engineering	305	2
12	Wednesday	Computer Engineering	306	2
13	Wednesday	Computer Engineering	307	2
14	Wednesday	Computer Engineering	304	2
15	Wednesday	Computer Engineering	309	2
16	Wednesday	Computer Engineering	310	2
17	Wednesday	Computer Engineering	311	2
18	Thursday	Computer Engineering	312	2
19	Thursday	Computer Engineering	313	2
20	Thursday	Computer Engineering	314	2
21	Thursday	Computer Engineering	315	2
51	Monday	Computer Engineering	363	2
52	Monday	Computer Engineering	364	2
53	Monday	Computer Engineering	349	2
54	Tuesday	Computer Engineering	350	2
55	Tuesday	Computer Engineering	351	2
56	Tuesday	Computer Engineering	352	2
57	Tuesday	Computer Engineering	353	2
58	Tuesday	Computer Engineering	354	2
59	Tuesday	Computer Engineering	355	2
60	Tuesday	Computer Engineering	356	2
61	Tuesday	Computer Engineering	348	2
62	Wedneesday	Computer Engineering	358	2
63	Wedneesday	Computer Engineering	359	2
64	Wedneesday	Computer Engineering	360	2
65	Wedneesday	Computer Engineering	361	2
66	Wedneesday	Computer Engineering	363	2
67	Wedneesday	Computer Engineering	364	2
68	Thursday 	Computer Engineering	365	2
69	Thursday 	Computer Engineering	366	2
70	Thursday 	Computer Engineering	362	2
71	Thursday 	Computer Engineering	367	2
72	Thursday 	Computer Engineering	368	2
73	Friday	Computer Engineering	369	2
74	Friday	Computer Engineering	370	2
\.


--
-- Data for Name: academic_track; Type: TABLE DATA; Schema: public; Owner: postgres
--

COPY public.academic_track (id, semester, semester_start, semester_end, academic_year) FROM stdin;
1	1	2022-10-12	2023-07-04	2022/2023
2	2	2023-09-05	2023-07-09	2022/2023
\.


--
-- Data for Name: buildings; Type: TABLE DATA; Schema: public; Owner: postgres
--

COPY public.buildings (id, name, building_type, n_floors, n_classrooms, n_labs, geom, building_id, image_url) FROM stdin;
1	Kumapley Engineering Auditorium	Auditorium	2	0	0	0101000020767F0000DB39353389192441D443081CF6832641	1	{}
4	Ceasar Building	Storey	5	3	8	0101000020767F0000AD1124EB3D19244187E2BF9829842641	4	{}
5	Wascal Building 1	Block	2	0	0	0101000020767F00008FA6061E1D19244192EFC138B2832641	5	{}
6	Wascal Building 2	Block	1	0	0	0101000020767F000063F1E47EE9182441D4E99A77A7832641	6	{}
2	New Engineering Building	Storey	4	5	0	0101000020767F0000F7CEA19B041A2441B51489BC09842641	2	{}
3	Petroleum Building	Storey	5	9	4	0101000020767F000048C5916CFE1924413F3B21CC93842641	3	{}
7	Bamfo Kwakye Building	Storey	4	3	0	0101000020767F00005ECD46DA35192441F71B462495842641	7	{}
8	Kwame Building	Storey	2	4	0	0101000020767F0000CC7C41B85E19244172DA0A2BF2842641	8	{}
9	Engineering Tent	Block	0	0	0	0101000020767F0000CAA7F4170F1A2441423C8590E9842641	9	{}
10	Engineering Labs 1	Block	0	0	13	0101000020767F00008A74208C7D18244104580209BC832641	10	{}
11	Engineering Technology Labs	Block	0	0	12	0101000020767F00007FC42EB1DB172441B201D625DA832641	11	{}
12	Engineering Labs 2	Block	0	0	5	0101000020767F00006B198A088B172441A5B7D153C7832641	12	{}
13	Renewable Energy Research Center	Block	0	0	1	0101000020767F00009DB70FA39317244188993D025F832641	13	{}
14	Innovation Center	Storey	2	0	4	0101000020767F00006D82A35E1B1924410484192DC2842641	14	{}
15	Faculty of Social Sciences New Building Block C	Storey	6	27	0	0101000020767F000085D133EB3C172441A5D7692B877E2641	15	{}
16	Engineering N Block	Block	1	2	0	0101000020767F00002BDA97B807192441E280C9726F852641	16	{}
17	Faculty of Social Sciences New Building Block A	Storey	4	2	0	0101000020767F0000273D2868351724415AA77486907F2641	17	{}
\.


--
-- Data for Name: classrooms; Type: TABLE DATA; Schema: public; Owner: postgres
--

COPY public.classrooms (id, name, room_number, floor_number, geom, building_id, image_url) FROM stdin;
1	Room N1	1	1	0101000020767F00001DC8324409192441D42391CF84852641	16	{}
2	Room N2	2	1	0101000020767F0000BBA3B613F2182441370C6F9267852641	16	{}
3	LT	1	1	0101000020767F0000638F68D064192441FA3A1066F0842641	8	{}
4	Room A	2	1	0101000020767F0000609A84704F192441BB705530EF842641	8	{}
5	Room B	3	1	0101000020767F0000ACE97D2142192441A81F1E2CED842641	8	{}
6	VSLA	6	2	0101000020767F000027FAA71122192441ACF63255E8842641	8	{}
8	Room 303	303	3	0101000020767F0000339DB5C32D192441D1723B308D842641	7	{}
9	Room 304	304	3	0101000020767F0000E1F25B6E1D1924419EBC26918A842641	7	{}
10	PB001	1	1	0101000020767F0000CE3FC772E31924411A519CFC8C842641	3	{}
11	PB201	201	3	0101000020767F0000602574E2E719244191A880FA8B842641	3	{}
12	PB008	8	1	0101000020767F0000D9713C40FC19244121ACFCA0AA842641	3	{}
13	PB208	208	3	0101000020767F000008513CB6031A24419703E19EA9842641	3	{}
14	PB012	12	1	0101000020767F000022FDD35E231A2441AEBA94E7B3842641	3	{}
15	PB212	212	3	0101000020767F00001212199F291A2441E647BEAFB1842641	3	{}
16	PB014	14	1	0101000020767F0000BB1F123C2B1A2441ABC5B0879E842641	3	{}
17	PB214	214	3	0101000020767F00003D8B9CD0281A24412D313B1C9C842641	3	{}
18	PB020	20	1	0101000020767F0000E87AC636101A2441524F5EA97D842641	3	{}
19	NEB-GF	1	1	0101000020767F00006F2EFED8FB19244172F4515B27842641	2	{}
20	NEB-FF1	2	2	0101000020767F0000E1AECDADFF19244192CAC7DA1A842641	2	{}
21	NEB-FF2	3	2	0101000020767F00009936E925081A2441EE751430FA832641	2	{}
22	NEB-SF	4	3	0101000020767F0000D59A2717011A24415F14B33B18842641	2	{}
23	NEB-TF	5	4	0101000020767F00005F434319021A24412C5E9E9C15842641	2	{}
24	ENG AUDIT	1	1	0101000020767F0000D62D07DC821924412C5E9E9C15842641	1	{}
25	A110	110	1	0101000020767F000009B399AD3B192441B12FA5751B842641	4	{}
26	VCR	300	3	0101000020767F00005491FA793B1924416E8ED5161F842641	4	{}
27	ECR	400	4	0101000020767F0000EA4DBC123B192441E00EA5EB22842641	4	{}
28	FOSS-B3	3	0	0101000020767F000013D62CEA3D172441A9505DC76C7E2641	15	{}
29	FOSS-B4	4	0	0101000020767F0000E314FCAA501724414B21C5F66A7E2641	15	{}
30	FOSS-GF9	9	1	0101000020767F000004CDA2F3291724415E72FCFA6C7E2641	15	{}
31	FOSS-GF8	8	1	0101000020767F0000E385948F431724414FF8D91F667E2641	15	{}
32	FOSS-GF7	7	1	0101000020767F0000CF522CC25B1724417A715D51657E2641	15	{}
33	FOSS NB BF TF1	1	3	0101000020767F0000B7AFCB553E172441C3D38F06847F2641	17	{}
34	FOSS NB GF R1	1	1	0101000020767F000061A6748C55172441B392F5E7927F2641	17	{}
7	Room 206	206	2	0101000020767F00002AEF8B7137192441B94AEF0290842641	7	{}
\.


--
-- Data for Name: laboratories; Type: TABLE DATA; Schema: public; Owner: postgres
--

COPY public.laboratories (id, lab_reference, floor_number, geom, building_id, image_url) FROM stdin;
1	Autotronics Lab	1	0101000020767F000033901625D718244161A4BF24FF832641	4	{}
2	GIS laboratory	1	0101000020767F000087CFC4FEE518244132A6D97B0A842641	4	{}
3	Communications, Networking And Signal Processing	2	0101000020767F0000D5474601DC182441DF1A27D0E9832641	4	{}
4	Basic Electronics Lab	2	0101000020767F000023E6C9ECDA18244161A4BF24FF832641	4	{}
5	Texas Instruments TI Microelectronics Lab	3	0101000020767F0000A7235E6FDE1824413BD5FDAEFF832641	4	{}
6	Virtual Infosec Africa Cybersecurity Training Lab	3	0101000020767F0000E5179522E1182441E7954FD5F0832641	4	{}
7	CIM Lab	4	0101000020767F000070AA4FC1E2182441B94B655AEA832641	4	{}
8	Dipper Lab	4	0101000020767F00005A5FD89AD61824413380D79201842641	4	{}
9	Road and Transportation Engineering Lab	1	0101000020767F00003499D80577182441A8C71A0BF7832641	11	{}
10	Faculty of Electrical and Computer Engineering Lab	1	0101000020767F0000C347862E43182441BD6758E4B4832641	10	{}
11	Medical Technology Lab	1	0101000020767F00001BA327921C18244113350003A9832641	10	{}
12	TME Lab	1	0101000020767F00000A45DF2B321824417F732131B2832641	10	{}
13	Geological Engineering Lab	1	0101000020767F000019152E4D37182441935F63DC81832641	10	{}
14	Advance Mobility Engineering Lab	1	0101000020767F00005AF5E6D870172441804D1F48A9832641	12	{}
15	Mechanical Engineering Lab	1	0101000020767F00007F10AD2082172441838652DADC832641	12	{}
16	High Voltage lab	1	0101000020767F00005C4B5A730D182441ED1078DAF7832641	11	{}
17	Control Lab	1	0101000020767F00005ABD602E281824414A7F4AE7FB832641	11	{}
18	Switch Room	1	0101000020767F0000572F67E9421824413280D79201842641	11	{}
19	Aero lab	1	0101000020767F00003086A75C4C18244136C2CC05D5832641	11	{}
20	Code lab	1	0101000020767F000005DC3AE86A172441D1539A8F84832641	12	{}
21	Integrated Bio Rural Energy Systems Lab	1	0101000020767F000048BDA05B8F172441128AC6B55A832641	13	{}
\.


--
-- Data for Name: offices; Type: TABLE DATA; Schema: public; Owner: postgres
--

COPY public.offices (id, office_code, staff_personnel, floor_number, geom, building_id, image_url) FROM stdin;
1	424	Mr. B. Kommey	4	0101000020767F00006F48E5F1D9182441211FDE2D1F842641	4	{}
2	422	Mr. A. S. Agbemenu	4	0101000020767F0000AE12A027DB1824410C9B680719842641	4	{}
3	420	Dr. A.R. Ahmed	4	0101000020767F0000F6233F16DF182441ADC7F92F20842641	4	{}
4	419	Dr. K.A. Opare	4	0101000020767F00000975761AE1182441DD17928A1A842641	4	{}
5	418	Dr. Daniel Opoku	4	0101000020767F0000059E61F1E5182441824E76FE20842641	4	{}
\.


--
-- Data for Name: ratings; Type: TABLE DATA; Schema: public; Owner: postgres
--

COPY public.ratings (id, comments, building_id, classroom_id, office_id, lab_id, rate_value) FROM stdin;
5	This place stinks!	\N	1	\N	\N	1
6	Horrible place	\N	2	\N	\N	2
7	This place stinks!	\N	12	\N	\N	1
8	The room sometimes smells and the projector is too high up	\N	27	\N	\N	2
9	No wifi connectivity	\N	28	\N	\N	3
10	Some seats are broken	\N	3	\N	\N	3
11	Sound and projector system sometimes problematic, especially the projector. Causing lecturers to come along with their own projector	\N	6	\N	\N	3
12	I really like the place but the room but the AC is sometimes too low and the projection is always a problem	\N	19	\N	\N	4
13	Needs massive renovation, all the seats are destroyed	\N	24	\N	\N	1
14	AC is not usually turned on, which makes the auditorium very hot. Also, projection is an issue.	\N	24	\N	\N	3
15	The auditorium is being refurbished nicely	\N	24	\N	\N	4
16	Room is too small, and there is no cooling system.	\N	25	\N	\N	3
17	chairs and tables in the class are never organized	\N	11	\N	\N	2
18	Good sound and projection	\N	1	\N	\N	4
19	Good screen and projection	\N	1	\N	\N	4
20	Good sound and projection but room is often dirty	\N	2	\N	\N	3
21	The seats need to be fixed because we are forced to stand in the class	\N	4	\N	\N	3
22	The projectors keep going on and off, it must be checked	\N	14	\N	\N	2
\.


--
-- Data for Name: session_schedule; Type: TABLE DATA; Schema: public; Owner: postgres
--

COPY public.session_schedule (id, course_code, course_name, year_group, schedule_time, class_location, lab_location) FROM stdin;
297	 ENGL 158	Communications Skill	1	7	24	\N
298	 ENGL 158	Communications Skill	1	8	24	\N
305	 MATH 152	Calculus With Analysis	1	3	16	\N
306	 MATH 152	Calculus With Analysis	1	4	16	\N
309	EE 156	Electrical Engineering Drawing	1	7	22	\N
314	MATH 152	Calculus With Analysis	1	5	17	\N
315	MATH 152	Calculus With Analysis	1	6	17	\N
316	COE 158	Introduction to Information Technology	1	9	21	\N
317	COE 158	Introduction to Information Technology	1	10	21	\N
318	EE 172	Electrical Machines	1	5	17	\N
319	EE 288	Electrical Measurements and Instrumentation	2	5	22	\N
320	EE 288	Electrical Measurements and Instrumentation	2	6	22	\N
322	TE 262	Electromagnetic Field	2	1	33	\N
323	MATH 252	Calculus With Several Variables	2	3	19	\N
324	MATH 252	Calculus With Several Variables	2	4	19	\N
325	MATH 252	Calculus With Several Variables	2	3	19	\N
326	MATH 252	Calculus With Several Variables	2	4	19	\N
327	COE 288	Circuit Theory	2	5	19	\N
328	COE 288	Circuit Theory	2	6	19	\N
329	COE 254	Object Oriented Programming	2	7	18	\N
330	COE 254	Object Oriented Programming	2	8	18	\N
331	TE 262	Electromagnetic Field	2	5	33	\N
332	TE 262	Electromagnetic Field	2	6	33	\N
333	ECON 152	Elements Of Economics 2	2	1	18	\N
334	ECON 152	Elements Of Economics 2	2	2	18	\N
343	COE 272	Digital Systems Design I	2	9	1	\N
344	COE 272	Digital Systems Design I	2	10	1	\N
345	COE 272	Digital Systems Design I	2	2	6	\N
346	FC 182	French For Communication 2	2	5	24	\N
347	FC 182	French For Communication 2	2	6	24	\N
348	COE 354 	Operating Systems	3	5	6	\N
349	COE 368	Database And Information Retrieval 	3	9	17	\N
357	COE 354 	Operating Systems	3	8	17	\N
358	COE 368	Database And Information Retrieval 	3	3	20	\N
359	COE 368	Database And Information Retrieval 	3	4	20	\N
360	COE 358	Introduction to Software Engineering	3	5	19	\N
361	COE 358	Introduction to Software Engineering	3	6	19	\N
365	COE 358	Embedded Systems	3	1	20	\N
366	COE 358	Embedded Systems	3	2	20	\N
367	COE 382	Digital Systems Design II	3	7	22	\N
368	COE 382	Digital Systems Design II	3	8	22	\N
369	COE 358	Embedded Systems	3	1	25	\N
370	COE 382	Digital Systems Design II	3	3	24	\N
321	COE 272	Digital Systems Design I	2	10	1	\N
363	COE 354 	Operating Systems	3	7	\N	10
364	COE 354 	Operating Systems	3	8	\N	10
341	COE 254	Object Oriented Programming	2	7	\N	10
342	COE 254	Object Oriented Programming	2	8	\N	10
350	COE 368	Database And Information Retrieval 	3	1	\N	10
351	COE 368	Database And Information Retrieval 	3	2	\N	10
335	COE 292 	Computer Engineering Lab	2	3	\N	4
336	COE 292 	Computer Engineering Lab	2	4	\N	4
337	COE 292 	Computer Engineering Lab	2	5	\N	4
338	COE 292 	Computer Engineering Lab	2	6	\N	4
339	COE 292 	Computer Engineering Lab	2	9	\N	4
340	COE 292 	Computer Engineering Lab	2	10	\N	4
352	COE 392	Autotronics Lab	3	3	\N	1
353	COE 392	Autotronics Lab	3	4	\N	1
354	COE 392	Autotronics Lab	3	5	\N	1
355	COE 392	Autotronics Lab	3	6	\N	1
356	COE 392	Autotronics Lab	3	7	\N	1
362	COE 358	Introduction to Software Engineering	3	5	19	\N
299	COE 152	Basic Electronics	1	1	30	\N
300	COE 152	Basic Electronics	1	2	30	\N
301	COE 152	Basic Electronics	1	3	30	\N
302	COE 152	Basic Electronics	1	4	30	\N
303	COE 152	Basic Electronics	1	5	30	\N
304	COE 152	Basic Electronics	1	6	30	\N
307	COE 152	Basic Electronics	1	5	30	\N
308	COE 152	Basic Electronics	1	6	30	\N
312	EE 172	Electrical Machines	1	1	31	\N
313	EE 172	Electrical Machines	1	2	31	\N
310	EE 156	Electrical Engineering Drawing	1	8	33	\N
311	EE 156	Electrical Engineering Drawing	1	9	33	\N
\.


--
-- Data for Name: session_time; Type: TABLE DATA; Schema: public; Owner: postgres
--

COPY public.session_time (id, start_time, end_time) FROM stdin;
1	08:00:00	08:55:00
2	09:00:00	09:55:00
3	10:30:00	11:25:00
4	11:30:00	12:25:00
5	13:00:00	13:55:00
6	14:00:00	14:55:00
7	15:00:00	15:55:00
8	16:00:00	16:55:00
9	17:00:00	17:55:00
10	18:00:00	18:55:00
11	19:00:00	19:55:00
12	20:00:00	20:55:00
13	21:00:00	21:55:00
14	22:00:00	22:55:00
\.


--
-- Data for Name: spatial_ref_sys; Type: TABLE DATA; Schema: public; Owner: supabase_admin
--

COPY public.spatial_ref_sys (srid, auth_name, auth_srid, srtext, proj4text) FROM stdin;
\.


--
-- Data for Name: users; Type: TABLE DATA; Schema: public; Owner: postgres
--

COPY public.users (id, username, student_reference, department, year_group, password, is_classrep, is_admin, created_at, is_deleted, is_exams_officer) FROM stdin;
\.


--
-- Name: academic_event_week_id_seq; Type: SEQUENCE SET; Schema: public; Owner: postgres
--

SELECT pg_catalog.setval('public.academic_event_week_id_seq', 74, true);


--
-- Name: academic_track_id_seq; Type: SEQUENCE SET; Schema: public; Owner: postgres
--

SELECT pg_catalog.setval('public.academic_track_id_seq', 2, true);


--
-- Name: buildings_id_seq; Type: SEQUENCE SET; Schema: public; Owner: postgres
--

SELECT pg_catalog.setval('public.buildings_id_seq', 17, true);


--
-- Name: classrooms_id_seq; Type: SEQUENCE SET; Schema: public; Owner: postgres
--

SELECT pg_catalog.setval('public.classrooms_id_seq', 34, true);


--
-- Name: laboratories_id_seq; Type: SEQUENCE SET; Schema: public; Owner: postgres
--

SELECT pg_catalog.setval('public.laboratories_id_seq', 21, true);


--
-- Name: offices_id_seq; Type: SEQUENCE SET; Schema: public; Owner: postgres
--

SELECT pg_catalog.setval('public.offices_id_seq', 5, true);


--
-- Name: ratings_id_seq; Type: SEQUENCE SET; Schema: public; Owner: postgres
--

SELECT pg_catalog.setval('public.ratings_id_seq', 24, true);


--
-- Name: session_schedule_id_seq; Type: SEQUENCE SET; Schema: public; Owner: postgres
--

SELECT pg_catalog.setval('public.session_schedule_id_seq', 370, true);


--
-- Name: session_time_id_seq; Type: SEQUENCE SET; Schema: public; Owner: postgres
--

SELECT pg_catalog.setval('public.session_time_id_seq', 14, true);


--
-- Name: academic_event_week academic_event_week_pkey; Type: CONSTRAINT; Schema: public; Owner: postgres
--

ALTER TABLE ONLY public.academic_event_week
    ADD CONSTRAINT academic_event_week_pkey PRIMARY KEY (id);


--
-- Name: academic_track academic_track_pkey; Type: CONSTRAINT; Schema: public; Owner: postgres
--

ALTER TABLE ONLY public.academic_track
    ADD CONSTRAINT academic_track_pkey PRIMARY KEY (id);


--
-- Name: buildings buildings_geom_key; Type: CONSTRAINT; Schema: public; Owner: postgres
--

ALTER TABLE ONLY public.buildings
    ADD CONSTRAINT buildings_geom_key UNIQUE (geom);


--
-- Name: buildings buildings_name_key; Type: CONSTRAINT; Schema: public; Owner: postgres
--

ALTER TABLE ONLY public.buildings
    ADD CONSTRAINT buildings_name_key UNIQUE (name);


--
-- Name: buildings buildings_pkey; Type: CONSTRAINT; Schema: public; Owner: postgres
--

ALTER TABLE ONLY public.buildings
    ADD CONSTRAINT buildings_pkey PRIMARY KEY (id);


--
-- Name: classrooms classrooms_name_key; Type: CONSTRAINT; Schema: public; Owner: postgres
--

ALTER TABLE ONLY public.classrooms
    ADD CONSTRAINT classrooms_name_key UNIQUE (name);


--
-- Name: classrooms classrooms_pkey; Type: CONSTRAINT; Schema: public; Owner: postgres
--

ALTER TABLE ONLY public.classrooms
    ADD CONSTRAINT classrooms_pkey PRIMARY KEY (id);


--
-- Name: laboratories laboratories_geom_key; Type: CONSTRAINT; Schema: public; Owner: postgres
--

ALTER TABLE ONLY public.laboratories
    ADD CONSTRAINT laboratories_geom_key UNIQUE (geom);


--
-- Name: laboratories laboratories_lab_reference_key; Type: CONSTRAINT; Schema: public; Owner: postgres
--

ALTER TABLE ONLY public.laboratories
    ADD CONSTRAINT laboratories_lab_reference_key UNIQUE (lab_reference);


--
-- Name: laboratories laboratories_pkey; Type: CONSTRAINT; Schema: public; Owner: postgres
--

ALTER TABLE ONLY public.laboratories
    ADD CONSTRAINT laboratories_pkey PRIMARY KEY (id);


--
-- Name: offices offices_goem_key; Type: CONSTRAINT; Schema: public; Owner: postgres
--

ALTER TABLE ONLY public.offices
    ADD CONSTRAINT offices_goem_key UNIQUE (geom);


--
-- Name: offices offices_pkey; Type: CONSTRAINT; Schema: public; Owner: postgres
--

ALTER TABLE ONLY public.offices
    ADD CONSTRAINT offices_pkey PRIMARY KEY (id);


--
-- Name: ratings ratings_pkey; Type: CONSTRAINT; Schema: public; Owner: postgres
--

ALTER TABLE ONLY public.ratings
    ADD CONSTRAINT ratings_pkey PRIMARY KEY (id);


--
-- Name: session_schedule session_schedule_pkey; Type: CONSTRAINT; Schema: public; Owner: postgres
--

ALTER TABLE ONLY public.session_schedule
    ADD CONSTRAINT session_schedule_pkey PRIMARY KEY (id);


--
-- Name: session_time session_time_pkey; Type: CONSTRAINT; Schema: public; Owner: postgres
--

ALTER TABLE ONLY public.session_time
    ADD CONSTRAINT session_time_pkey PRIMARY KEY (id);


--
-- Name: users users_password_key; Type: CONSTRAINT; Schema: public; Owner: postgres
--

ALTER TABLE ONLY public.users
    ADD CONSTRAINT users_password_key UNIQUE (password);


--
-- Name: users users_pkey; Type: CONSTRAINT; Schema: public; Owner: postgres
--

ALTER TABLE ONLY public.users
    ADD CONSTRAINT users_pkey PRIMARY KEY (id);


--
-- Name: users users_student_reference_key; Type: CONSTRAINT; Schema: public; Owner: postgres
--

ALTER TABLE ONLY public.users
    ADD CONSTRAINT users_student_reference_key UNIQUE (student_reference);


--
-- Name: users users_username_key; Type: CONSTRAINT; Schema: public; Owner: postgres
--

ALTER TABLE ONLY public.users
    ADD CONSTRAINT users_username_key UNIQUE (username);


--
-- Name: academic_event_week academic_event_week_schedule_id_fkey; Type: FK CONSTRAINT; Schema: public; Owner: postgres
--

ALTER TABLE ONLY public.academic_event_week
    ADD CONSTRAINT academic_event_week_schedule_id_fkey FOREIGN KEY (schedule_id) REFERENCES public.session_schedule(id);


--
-- Name: academic_event_week academic_event_week_track_id_fkey; Type: FK CONSTRAINT; Schema: public; Owner: postgres
--

ALTER TABLE ONLY public.academic_event_week
    ADD CONSTRAINT academic_event_week_track_id_fkey FOREIGN KEY (track_id) REFERENCES public.academic_track(id);


--
-- Name: buildings buildings_building_id_fkey; Type: FK CONSTRAINT; Schema: public; Owner: postgres
--

ALTER TABLE ONLY public.buildings
    ADD CONSTRAINT buildings_building_id_fkey FOREIGN KEY (building_id) REFERENCES public.buildings(id) ON DELETE CASCADE;


--
-- Name: classrooms classrooms_building_id_fkey; Type: FK CONSTRAINT; Schema: public; Owner: postgres
--

ALTER TABLE ONLY public.classrooms
    ADD CONSTRAINT classrooms_building_id_fkey FOREIGN KEY (building_id) REFERENCES public.buildings(id) ON DELETE CASCADE;


--
-- Name: laboratories laboratories_building_id_fkey; Type: FK CONSTRAINT; Schema: public; Owner: postgres
--

ALTER TABLE ONLY public.laboratories
    ADD CONSTRAINT laboratories_building_id_fkey FOREIGN KEY (building_id) REFERENCES public.buildings(id) ON DELETE CASCADE;


--
-- Name: offices offices_building_id_fkey; Type: FK CONSTRAINT; Schema: public; Owner: postgres
--

ALTER TABLE ONLY public.offices
    ADD CONSTRAINT offices_building_id_fkey FOREIGN KEY (building_id) REFERENCES public.buildings(id) ON DELETE CASCADE;


--
-- Name: ratings ratings_building_id_fkey; Type: FK CONSTRAINT; Schema: public; Owner: postgres
--

ALTER TABLE ONLY public.ratings
    ADD CONSTRAINT ratings_building_id_fkey FOREIGN KEY (building_id) REFERENCES public.buildings(id);


--
-- Name: ratings ratings_classroom_id_fkey; Type: FK CONSTRAINT; Schema: public; Owner: postgres
--

ALTER TABLE ONLY public.ratings
    ADD CONSTRAINT ratings_classroom_id_fkey FOREIGN KEY (classroom_id) REFERENCES public.classrooms(id);


--
-- Name: ratings ratings_lab_id_fkey; Type: FK CONSTRAINT; Schema: public; Owner: postgres
--

ALTER TABLE ONLY public.ratings
    ADD CONSTRAINT ratings_lab_id_fkey FOREIGN KEY (lab_id) REFERENCES public.laboratories(id);


--
-- Name: ratings ratings_office_id_fkey; Type: FK CONSTRAINT; Schema: public; Owner: postgres
--

ALTER TABLE ONLY public.ratings
    ADD CONSTRAINT ratings_office_id_fkey FOREIGN KEY (office_id) REFERENCES public.offices(id);


--
-- Name: session_schedule session_schedule_class_location_fkey; Type: FK CONSTRAINT; Schema: public; Owner: postgres
--

ALTER TABLE ONLY public.session_schedule
    ADD CONSTRAINT session_schedule_class_location_fkey FOREIGN KEY (class_location) REFERENCES public.classrooms(id);


--
-- Name: session_schedule session_schedule_lab_location_fkey; Type: FK CONSTRAINT; Schema: public; Owner: postgres
--

ALTER TABLE ONLY public.session_schedule
    ADD CONSTRAINT session_schedule_lab_location_fkey FOREIGN KEY (lab_location) REFERENCES public.laboratories(id);


--
-- Name: session_schedule session_schedule_schedule_time_fkey; Type: FK CONSTRAINT; Schema: public; Owner: postgres
--

ALTER TABLE ONLY public.session_schedule
    ADD CONSTRAINT session_schedule_schedule_time_fkey FOREIGN KEY (schedule_time) REFERENCES public.session_time(id) ON DELETE CASCADE;


--
-- Name: users users_id_fkey; Type: FK CONSTRAINT; Schema: public; Owner: postgres
--

ALTER TABLE ONLY public.users
    ADD CONSTRAINT users_id_fkey FOREIGN KEY (id) REFERENCES auth.users(id);


--
-- Name: academic_event_week; Type: ROW SECURITY; Schema: public; Owner: postgres
--

ALTER TABLE public.academic_event_week ENABLE ROW LEVEL SECURITY;

--
-- Name: academic_track; Type: ROW SECURITY; Schema: public; Owner: postgres
--

ALTER TABLE public.academic_track ENABLE ROW LEVEL SECURITY;

--
-- Name: buildings; Type: ROW SECURITY; Schema: public; Owner: postgres
--

ALTER TABLE public.buildings ENABLE ROW LEVEL SECURITY;

--
-- Name: classrooms; Type: ROW SECURITY; Schema: public; Owner: postgres
--

ALTER TABLE public.classrooms ENABLE ROW LEVEL SECURITY;

--
-- Name: laboratories; Type: ROW SECURITY; Schema: public; Owner: postgres
--

ALTER TABLE public.laboratories ENABLE ROW LEVEL SECURITY;

--
-- Name: offices; Type: ROW SECURITY; Schema: public; Owner: postgres
--

ALTER TABLE public.offices ENABLE ROW LEVEL SECURITY;

--
-- Name: ratings; Type: ROW SECURITY; Schema: public; Owner: postgres
--

ALTER TABLE public.ratings ENABLE ROW LEVEL SECURITY;

--
-- Name: session_schedule; Type: ROW SECURITY; Schema: public; Owner: postgres
--

ALTER TABLE public.session_schedule ENABLE ROW LEVEL SECURITY;

--
-- Name: session_time; Type: ROW SECURITY; Schema: public; Owner: postgres
--

ALTER TABLE public.session_time ENABLE ROW LEVEL SECURITY;

--
-- Name: users; Type: ROW SECURITY; Schema: public; Owner: postgres
--

ALTER TABLE public.users ENABLE ROW LEVEL SECURITY;

--
-- Name: SCHEMA public; Type: ACL; Schema: -; Owner: pg_database_owner
--

GRANT USAGE ON SCHEMA public TO postgres;
GRANT USAGE ON SCHEMA public TO anon;
GRANT USAGE ON SCHEMA public TO authenticated;
GRANT USAGE ON SCHEMA public TO service_role;


--
-- Name: TABLE academic_event_week; Type: ACL; Schema: public; Owner: postgres
--

GRANT ALL ON TABLE public.academic_event_week TO anon;
GRANT ALL ON TABLE public.academic_event_week TO authenticated;
GRANT ALL ON TABLE public.academic_event_week TO service_role;


--
-- Name: SEQUENCE academic_event_week_id_seq; Type: ACL; Schema: public; Owner: postgres
--

GRANT ALL ON SEQUENCE public.academic_event_week_id_seq TO anon;
GRANT ALL ON SEQUENCE public.academic_event_week_id_seq TO authenticated;
GRANT ALL ON SEQUENCE public.academic_event_week_id_seq TO service_role;


--
-- Name: TABLE academic_track; Type: ACL; Schema: public; Owner: postgres
--

GRANT ALL ON TABLE public.academic_track TO anon;
GRANT ALL ON TABLE public.academic_track TO authenticated;
GRANT ALL ON TABLE public.academic_track TO service_role;


--
-- Name: SEQUENCE academic_track_id_seq; Type: ACL; Schema: public; Owner: postgres
--

GRANT ALL ON SEQUENCE public.academic_track_id_seq TO anon;
GRANT ALL ON SEQUENCE public.academic_track_id_seq TO authenticated;
GRANT ALL ON SEQUENCE public.academic_track_id_seq TO service_role;


--
-- Name: TABLE buildings; Type: ACL; Schema: public; Owner: postgres
--

GRANT ALL ON TABLE public.buildings TO anon;
GRANT ALL ON TABLE public.buildings TO authenticated;
GRANT ALL ON TABLE public.buildings TO service_role;


--
-- Name: SEQUENCE buildings_id_seq; Type: ACL; Schema: public; Owner: postgres
--

GRANT ALL ON SEQUENCE public.buildings_id_seq TO anon;
GRANT ALL ON SEQUENCE public.buildings_id_seq TO authenticated;
GRANT ALL ON SEQUENCE public.buildings_id_seq TO service_role;


--
-- Name: TABLE classrooms; Type: ACL; Schema: public; Owner: postgres
--

GRANT ALL ON TABLE public.classrooms TO anon;
GRANT ALL ON TABLE public.classrooms TO authenticated;
GRANT ALL ON TABLE public.classrooms TO service_role;


--
-- Name: SEQUENCE classrooms_id_seq; Type: ACL; Schema: public; Owner: postgres
--

GRANT ALL ON SEQUENCE public.classrooms_id_seq TO anon;
GRANT ALL ON SEQUENCE public.classrooms_id_seq TO authenticated;
GRANT ALL ON SEQUENCE public.classrooms_id_seq TO service_role;


--
-- Name: TABLE laboratories; Type: ACL; Schema: public; Owner: postgres
--

GRANT ALL ON TABLE public.laboratories TO anon;
GRANT ALL ON TABLE public.laboratories TO authenticated;
GRANT ALL ON TABLE public.laboratories TO service_role;


--
-- Name: SEQUENCE laboratories_id_seq; Type: ACL; Schema: public; Owner: postgres
--

GRANT ALL ON SEQUENCE public.laboratories_id_seq TO anon;
GRANT ALL ON SEQUENCE public.laboratories_id_seq TO authenticated;
GRANT ALL ON SEQUENCE public.laboratories_id_seq TO service_role;


--
-- Name: TABLE offices; Type: ACL; Schema: public; Owner: postgres
--

GRANT ALL ON TABLE public.offices TO anon;
GRANT ALL ON TABLE public.offices TO authenticated;
GRANT ALL ON TABLE public.offices TO service_role;


--
-- Name: SEQUENCE offices_id_seq; Type: ACL; Schema: public; Owner: postgres
--

GRANT ALL ON SEQUENCE public.offices_id_seq TO anon;
GRANT ALL ON SEQUENCE public.offices_id_seq TO authenticated;
GRANT ALL ON SEQUENCE public.offices_id_seq TO service_role;


--
-- Name: TABLE ratings; Type: ACL; Schema: public; Owner: postgres
--

GRANT ALL ON TABLE public.ratings TO anon;
GRANT ALL ON TABLE public.ratings TO authenticated;
GRANT ALL ON TABLE public.ratings TO service_role;


--
-- Name: SEQUENCE ratings_id_seq; Type: ACL; Schema: public; Owner: postgres
--

GRANT ALL ON SEQUENCE public.ratings_id_seq TO anon;
GRANT ALL ON SEQUENCE public.ratings_id_seq TO authenticated;
GRANT ALL ON SEQUENCE public.ratings_id_seq TO service_role;


--
-- Name: TABLE session_schedule; Type: ACL; Schema: public; Owner: postgres
--

GRANT ALL ON TABLE public.session_schedule TO anon;
GRANT ALL ON TABLE public.session_schedule TO authenticated;
GRANT ALL ON TABLE public.session_schedule TO service_role;


--
-- Name: SEQUENCE session_schedule_id_seq; Type: ACL; Schema: public; Owner: postgres
--

GRANT ALL ON SEQUENCE public.session_schedule_id_seq TO anon;
GRANT ALL ON SEQUENCE public.session_schedule_id_seq TO authenticated;
GRANT ALL ON SEQUENCE public.session_schedule_id_seq TO service_role;


--
-- Name: TABLE session_time; Type: ACL; Schema: public; Owner: postgres
--

GRANT ALL ON TABLE public.session_time TO anon;
GRANT ALL ON TABLE public.session_time TO authenticated;
GRANT ALL ON TABLE public.session_time TO service_role;


--
-- Name: SEQUENCE session_time_id_seq; Type: ACL; Schema: public; Owner: postgres
--

GRANT ALL ON SEQUENCE public.session_time_id_seq TO anon;
GRANT ALL ON SEQUENCE public.session_time_id_seq TO authenticated;
GRANT ALL ON SEQUENCE public.session_time_id_seq TO service_role;


--
-- Name: TABLE users; Type: ACL; Schema: public; Owner: postgres
--

GRANT ALL ON TABLE public.users TO anon;
GRANT ALL ON TABLE public.users TO authenticated;
GRANT ALL ON TABLE public.users TO service_role;


--
-- Name: DEFAULT PRIVILEGES FOR SEQUENCES; Type: DEFAULT ACL; Schema: public; Owner: postgres
--

ALTER DEFAULT PRIVILEGES FOR ROLE postgres IN SCHEMA public GRANT ALL ON SEQUENCES  TO postgres;
ALTER DEFAULT PRIVILEGES FOR ROLE postgres IN SCHEMA public GRANT ALL ON SEQUENCES  TO anon;
ALTER DEFAULT PRIVILEGES FOR ROLE postgres IN SCHEMA public GRANT ALL ON SEQUENCES  TO authenticated;
ALTER DEFAULT PRIVILEGES FOR ROLE postgres IN SCHEMA public GRANT ALL ON SEQUENCES  TO service_role;


--
-- Name: DEFAULT PRIVILEGES FOR SEQUENCES; Type: DEFAULT ACL; Schema: public; Owner: supabase_admin
--

ALTER DEFAULT PRIVILEGES FOR ROLE supabase_admin IN SCHEMA public GRANT ALL ON SEQUENCES  TO postgres;
ALTER DEFAULT PRIVILEGES FOR ROLE supabase_admin IN SCHEMA public GRANT ALL ON SEQUENCES  TO anon;
ALTER DEFAULT PRIVILEGES FOR ROLE supabase_admin IN SCHEMA public GRANT ALL ON SEQUENCES  TO authenticated;
ALTER DEFAULT PRIVILEGES FOR ROLE supabase_admin IN SCHEMA public GRANT ALL ON SEQUENCES  TO service_role;


--
-- Name: DEFAULT PRIVILEGES FOR FUNCTIONS; Type: DEFAULT ACL; Schema: public; Owner: postgres
--

ALTER DEFAULT PRIVILEGES FOR ROLE postgres IN SCHEMA public GRANT ALL ON FUNCTIONS  TO postgres;
ALTER DEFAULT PRIVILEGES FOR ROLE postgres IN SCHEMA public GRANT ALL ON FUNCTIONS  TO anon;
ALTER DEFAULT PRIVILEGES FOR ROLE postgres IN SCHEMA public GRANT ALL ON FUNCTIONS  TO authenticated;
ALTER DEFAULT PRIVILEGES FOR ROLE postgres IN SCHEMA public GRANT ALL ON FUNCTIONS  TO service_role;


--
-- Name: DEFAULT PRIVILEGES FOR FUNCTIONS; Type: DEFAULT ACL; Schema: public; Owner: supabase_admin
--

ALTER DEFAULT PRIVILEGES FOR ROLE supabase_admin IN SCHEMA public GRANT ALL ON FUNCTIONS  TO postgres;
ALTER DEFAULT PRIVILEGES FOR ROLE supabase_admin IN SCHEMA public GRANT ALL ON FUNCTIONS  TO anon;
ALTER DEFAULT PRIVILEGES FOR ROLE supabase_admin IN SCHEMA public GRANT ALL ON FUNCTIONS  TO authenticated;
ALTER DEFAULT PRIVILEGES FOR ROLE supabase_admin IN SCHEMA public GRANT ALL ON FUNCTIONS  TO service_role;


--
-- Name: DEFAULT PRIVILEGES FOR TABLES; Type: DEFAULT ACL; Schema: public; Owner: postgres
--

ALTER DEFAULT PRIVILEGES FOR ROLE postgres IN SCHEMA public GRANT ALL ON TABLES  TO postgres;
ALTER DEFAULT PRIVILEGES FOR ROLE postgres IN SCHEMA public GRANT ALL ON TABLES  TO anon;
ALTER DEFAULT PRIVILEGES FOR ROLE postgres IN SCHEMA public GRANT ALL ON TABLES  TO authenticated;
ALTER DEFAULT PRIVILEGES FOR ROLE postgres IN SCHEMA public GRANT ALL ON TABLES  TO service_role;


--
-- Name: DEFAULT PRIVILEGES FOR TABLES; Type: DEFAULT ACL; Schema: public; Owner: supabase_admin
--

ALTER DEFAULT PRIVILEGES FOR ROLE supabase_admin IN SCHEMA public GRANT ALL ON TABLES  TO postgres;
ALTER DEFAULT PRIVILEGES FOR ROLE supabase_admin IN SCHEMA public GRANT ALL ON TABLES  TO anon;
ALTER DEFAULT PRIVILEGES FOR ROLE supabase_admin IN SCHEMA public GRANT ALL ON TABLES  TO authenticated;
ALTER DEFAULT PRIVILEGES FOR ROLE supabase_admin IN SCHEMA public GRANT ALL ON TABLES  TO service_role;


--
-- PostgreSQL database dump complete
--

